Empresa,Repositorio_Nome,Language
amzn,.github,
amzn,ads-advanced-tools-docs,Jupyter Notebook
amzn,ads-pao-amznjs-gtm-server-side-template,Smarty
amzn,ads-pao-amznjs-gtm-template,Smarty
amzn,alexa-coho,JavaScript
amzn,alexa-skills-kit-js,
amzn,amazon-ads-advertiser-audience-normalization-sdk-py,Python
amzn,amazon-advertising-api-php-sdk,PHP
amzn,amazon-codeguru-profiler-for-spark,Java
amzn,amazon-frustration-free-setup-certification-tool,Python
amzn,amazon-hub-counter-api-docs,CSS
amzn,amazon-hub-counter-api-samples,Java
amzn,amazon-hub-counter-sdk-java,Java
amzn,amazon-hub-support,PowerShell
amzn,amazon-instant-access-sdk-java,Java
amzn,amazon-instant-access-sdk-net,C#
amzn,amazon-instant-access-sdk-php,PHP
amzn,amazon-instant-access-sdk-ruby,Ruby
amzn,amazon-launcher-integration-cordova-plugin,JavaScript
amzn,amazon-marketing-stream-examples,Python
amzn,amazon-mcf-plugin-for-magento-1,PHP
amzn,amazon-multi-token-completion,Python
amzn,amazon-nearest-neighbor-through-ecc,Jupyter Notebook
amzn,amazon-pay-api-sdk-dotnet,C#
amzn,amazon-pay-api-sdk-java,Java
amzn,amazon-pay-api-sdk-nodejs,JavaScript
amzn,amazon-pay-api-sdk-php,PHP
amzn,amazon-pay-api-sdk-ruby,Ruby
amzn,amazon-pay-code-samples,PHP
amzn,amazon-pay-sdk-csharp,C#
amzn,amazon-pay-sdk-java,Java
amzn,amazon-pay-sdk-php,PHP
amzn,amazon-pay-sdk-python,Python
amzn,amazon-pay-sdk-ruby,Ruby
amzn,amazon-payment-files-tools,Kotlin
amzn,amazon-payments-magento-2-plugin,PHP
amzn,amazon-ray,Python
amzn,amazon-s3-gst-plugin,C
amzn,amazon-sidewalk-android-samples,
amzn,amazon-sidewalk-ios-samples,Swift
amzn,amazon-succinct-doc-representation,Python
amzn,amazon-template-library,C++
amzn,amazon-weak-ner-needle,Python
amzn,amigitenough,Go
amzn,amzn-drivers,C
amzn,amzn-ec2-ena-utilities,Python
amzn,app-platform,Kotlin
amzn,armbench,Python
amzn,augment-the-pairs-wacv2024,Python
amzn,autotrail,Python
amzn,aws-apigateway-client-lib,
amzn,aws-sigv4-signing-samples,Java
amzn,awsssmchaosrunner,Kotlin
amzn,basis-point-sets,Python
amzn,BayesPE,Python
amzn,buy-with-prime-cdk-constructs,TypeScript
amzn,buy-with-prime-monitoring-sample-cdk,TypeScript
amzn,chalet-charging-location-for-electric-trucks,Python
amzn,computer-vision-basics-in-microsoft-excel,
amzn,confident-sinkhorn-allocation,Jupyter Notebook
amzn,convolutional-handwriting-gan,Python
amzn,cosearcher,Python
amzn,credence-to-causal-estimation,Python
amzn,data-jack-knife,Java
amzn,debiased-balanced-interleaving,Jupyter Notebook
amzn,differential-privacy-bayesian-optimization,Python
amzn,distance-assistant,Python
amzn,drs-sample-android-app,Java
amzn,drs-sample-ios-app,Objective-C
amzn,emukit-playground,JavaScript
amzn,eslint-plugin-no-date-parsing,TypeScript
amzn,exoplayer-amazon-port,Java
amzn,explainable-text-vqa,
amzn,extremely-efficient-query-encoder,Python
amzn,faithful-data2text-cycle-training,Python
amzn,fashion-attribute-disentanglement,Python
amzn,fire-app-builder,Java
amzn,firetv-sample-touch-app,Java
amzn,ftv-integration-sdk-sample-app,Kotlin
amzn,ftv-livetv-sample-tv-app,Java
amzn,gameon-sample-game-unity,C#
amzn,gameon-starter-kit-unity,C#
amzn,git-commit-template,JavaScript
amzn,glad,JavaScript
amzn,golang-gitoperations,Go
amzn,halo-third-party-sdk-for-java,Java
amzn,halo-third-party-sdk-for-node-js,TypeScript
amzn,halo-third-party-sdk-for-python,Python
amzn,hawktracer,C++
amzn,image-misspell-coling2020,
amzn,image-to-recipe-transformers,Python
amzn,informative-diverse-hard-negative-sampling,Python
amzn,ion-cascading-config,Java
amzn,ion-object-mapper-dotnet,C#
amzn,jekyll-doc-project,HTML
amzn,kotlin-inject-anvil,Kotlin
amzn,kqr,
amzn,lib-3d-scene-viewer,TypeScript
amzn,login-with-amazon-oscommerce,PHP
amzn,login-with-amazon-wordpress,PHP
amzn,media3-external-port,
amzn,merlin-on-demand-callgraph,JavaScript
amzn,metalearn-leap,Python
amzn,milan,Scala
amzn,MonitoringCustomMetrics,Python
amzn,mrc-net-6d-pose,Python
amzn,multiconer-baseline,Python
amzn,multilingual-keyphrase-generation,Python
amzn,multimodal-affinities,Python
amzn,MXFusion,Python
amzn,nimbus-jose-jwt_aws-kms-extension,Java
amzn,node-jose_aws-kms-extension,TypeScript
amzn,openapi-swift-code-generate,Swift
amzn,orthogonal-additive-gaussian-processes,Python
amzn,oss-attribution-builder,TypeScript
amzn,oss-contribution-tracker,TypeScript
amzn,oss-dashboard,Ruby
amzn,pecos,Python
amzn,pretraining-or-self-training,Python
amzn,python-jose_aws-kms-extension,Python
amzn,rdma-core,C
amzn,refuel-open-domain-qa,Python
amzn,rete-thewebconf-2022,Python
amzn,rheoceros,Python
amzn,robotiq-gripper-interface,C++
amzn,selling-partner-api-docs,
amzn,selling-partner-api-models,Mustache
amzn,selling-partner-api-php-release,PHP
amzn,selling-partner-api-postman,
amzn,selling-partner-api-samples,Java
amzn,selling-partner-api-sdk,PHP
amzn,seqzero,Python
amzn,service-model-swift-code-generate,Swift
amzn,sid-provision,Python
amzn,sid-signing-tool,Python
amzn,sketch-constructor,JavaScript
amzn,smoke-aws,Swift
amzn,smoke-aws-credentials,Swift
amzn,smoke-aws-generate,Swift
amzn,smoke-aws-support,Swift
amzn,smoke-dynamodb,Swift
amzn,smoke-framework,Swift
amzn,smoke-framework-application-generate,Swift
amzn,smoke-framework-examples,Swift
amzn,smoke-http,Swift
amzn,sparse-vqvae,Python
amzn,ss-aga-kgc,Python
amzn,sto-transformer,Python
amzn,supply-chain-simulation-environment,Python
amzn,tiny-attribution-generator,TypeScript
amzn,traffic-quality-smart-pixel-loader,TypeScript
amzn,trans-encoder,Python
amzn,user-satisfaction-modeling,Python
amzn,workspace-resolver,JavaScript
amzn,ws-vae,Python
amzn,xfer,Python
amzn,zeek-plugin-bacnet,Zeek
amzn,zeek-plugin-enip,Zeek
amzn,zeek-plugin-profinet,Zeek
amzn,zeek-plugin-s7comm,Zeek
amzn,zeek-plugin-tds,Zeek
amzn,zero-shot-rlhr,Python
spotify,.github,
spotify,aioshumway,Python
spotify,android-auth,HTML
spotify,android-sdk,HTML
spotify,android-store-service,Python
spotify,annoy,C++
spotify,annoy-java,Java
spotify,apollo,Java
spotify,apollo-elide,Java
spotify,apollo-metrics,
spotify,apps-tutorial,
spotify,argo-rollouts,
spotify,async-datastore-client,Java
spotify,async-google-pubsub-client,Java
spotify,backup-utils,Shell
spotify,basic-pitch,Python
spotify,basic-pitch-ts,TypeScript
spotify,batty,Python
spotify,bazel,
spotify,bazel-tools,Java
spotify,beam,Java
spotify,big-data-rosetta-code,Scala
spotify,bigtable-autoscaler,Java
spotify,boilerplate-app,
spotify,bucket-runner,JavaScript
spotify,cartography,Python
spotify,cassandra-extra,Java
spotify,cassandra-medusa,Python
spotify,cassandra-opstools,Java
spotify,cassandra-reaper,
spotify,causify,
spotify,certcheck,Python
spotify,chartify,Python
spotify,code-of-conduct,
spotify,collectd,C
spotify,comet,Python
spotify,comet-common,Python
spotify,comet-core,Python
spotify,completable-futures,Java
spotify,condor,Java
spotify,confidence,Python
spotify,confidence-sdk-android,Kotlin
spotify,confidence-sdk-flutter,Dart
spotify,confidence-sdk-go,Go
spotify,confidence-sdk-java,Java
spotify,confidence-sdk-js,TypeScript
spotify,confidence-sdk-python,Python
spotify,confidence-sdk-rust,Rust
spotify,confidence-sdk-swift,Swift
spotify,container-agent,Python
spotify,conversion-api-tag-template,Smarty
spotify,cookiecutter-golang,Go
spotify,coordinator,HTML
spotify,crtauth,Python
spotify,crtauth-java,Java
spotify,crtauth-java-agent-signer-apache,Java
spotify,crunch-lib,Java
spotify,cstar,Python
spotify,daemon-java,Java
spotify,dataenum,Java
spotify,DataflowJavaSDK,Java
spotify,dataproc-java-submitter,Java
spotify,dataprocxy,Python
spotify,dbeam,Java
spotify,debify,Shell
spotify,dh-virtualenv,Python
spotify,diffuser,Swift
spotify,dns-java,Java
spotify,docgenerator,Java
spotify,docker-alpine,
spotify,docker-bigtable,Go
spotify,docker-cassandra,Shell
spotify,docker-client,Java
spotify,docker-gc,Shell
spotify,docker-kafka,Shell
spotify,docker-maven-plugin,Java
spotify,docker-stress,Python
spotify,dockerfile-maven,Java
spotify,dockerfile-mode,Emacs Lisp
spotify,docker_interface,Python
spotify,drserv,Python
spotify,druid,
spotify,duck,Ruby
spotify,echoprint-codegen,C++
spotify,echoprint-server,Java
spotify,elasticsearch-index-window,Java
spotify,elitzur,Scala
spotify,eslint-config-oss,JavaScript
spotify,etcd,Go
spotify,featran,Scala
spotify,ffwd,Java
spotify,ffwd-client-java,Java
spotify,ffwd-http-client,Java
spotify,ffwd-ruby,Ruby
spotify,flink,Java
spotify,flink-docker,
spotify,flink-on-k8s-operator,Go
spotify,flo,Java
spotify,flume-syslog-source2,Java
spotify,flyte-flink-plugin,Go
spotify,fmt-maven-plugin,Java
spotify,folsom,Java
spotify,foss-root,
spotify,futures-extra,Java
spotify,futuristic-feline,Java
spotify,gcp-audit,Python
spotify,gcp-aws-iam-federation-webidentity,HCL
spotify,gcp-firewall-enforcer,Python
spotify,gcs-tools,Scala
spotify,ghelog,Python
spotify,gimme,Python
spotify,git-test,Shell
spotify,github-java-client,Java
spotify,google-http-java-client,Java
spotify,gordon,Python
spotify,gordon-gcp,Python
spotify,gordon-introspection,Python
spotify,gordon-janitor,Python
spotify,gordon-janitor-gcp,Python
spotify,griffin,Python
spotify,hadoop-openpgp-codec,Java
spotify,hdfs2cass,Java
spotify,helios,Java
spotify,helios-go,Go
spotify,helios-skydns,Java
spotify,heroic,Java
spotify,heroic-client-go,Go
spotify,heroic-client-java,Java
spotify,homebrew-public,Ruby
spotify,hornet,Scala
spotify,HubFramework,Objective-C
spotify,hush-tab,JavaScript
spotify,hype,Java
spotify,hyperflo,Scala
spotify,ieee-spm-vocals-tutorial,Jupyter Notebook
spotify,ios-auth,Objective-C
spotify,ios-ci,Shell
spotify,ios-sdk,Objective-C
spotify,ios-style,
spotify,java-hamcrest,Java
spotify,java-lkk,Java
spotify,java-locales,Java
spotify,jenkins-coverage-poster,Groovy
spotify,jira-lkk-bridge,Java
spotify,JniHelpers,C++
spotify,jsconfeu-2013,JavaScript
spotify,kafka,Scala
spotify,kairosdb,Java
spotify,kernel-common,
spotify,klio,Python
spotify,lemur,Python
spotify,lighthouse-audit-service,TypeScript
spotify,limbo,Scala
spotify,lingon,JavaScript
spotify,linux,C
spotify,logging-java,Java
spotify,luigi,Python
spotify,lyceum,Clojure
spotify,mace,
spotify,magnolify,Scala
spotify,metrics-munin-reporter,Java
spotify,missinglink,Java
spotify,mlockexec,Python
spotify,mobius,Java
spotify,mobius-android-sample,Java
spotify,Mobius.swift,Swift
spotify,moob,Ruby
spotify,netty-batch-flusher,Java
spotify,netty-zmtp,Java
spotify,noether,Scala
spotify,okta-sdk-python,Python
spotify,openfeature-kotlin-sdk,Kotlin
spotify,openfeature-swift-sdk,Swift
spotify,pedalboard,C++
spotify,PeqBank,C
spotify,perf-map-agent,C
spotify,phpconf-argentina-2014,JavaScript
spotify,platform-external-bluetooth-bluez,
spotify,polly-jest-presets,TypeScript
spotify,postgresql-metrics,Python
spotify,proto-registry,TypeScript
spotify,proto-requests,TypeScript
spotify,protoman,Java
spotify,puppet-talos,Puppet
spotify,pyeos,Python
spotify,pyfg,Python
spotify,pyschema,Python
spotify,python-graphwalker,Python
spotify,pythonflow,Python
spotify,pywk,Python
spotify,quickstart,JavaScript
spotify,ratatool,Scala
spotify,react-native-lookback,Objective-C
spotify,reactochart,JavaScript
spotify,realbook,Python
spotify,redux-location-state,JavaScript
spotify,requests-crtauth,Python
spotify,robolectric,Java
spotify,rspec-dns,Ruby
spotify,rspec-dnsruby,Ruby
spotify,ruler,Kotlin
spotify,s3mper,Java
spotify,scanctl,Python
spotify,scio,Scala
spotify,scio-contrib,Scala
spotify,scio-idea-plugin,Scala
spotify,scio.g8,Scala
spotify,sekexe,Shell
spotify,semantic-metrics,Java
spotify,should-up,JavaScript
spotify,shumway,Python
spotify,simple-bigtable,Java
spotify,skydns,
spotify,skygc,Python
spotify,snakebite,Python
spotify,soa-reference-integration,TypeScript
spotify,soundcheck-demo-environment,TypeScript
spotify,spark-bigquery,Scala
spotify,sparkey,C
spotify,sparkey-java,Java
spotify,sparkey-python,Python
spotify,spawn,Java
spotify,spotify-checkstyle-config,
spotify,spotify-heroic-datasource,TypeScript
spotify,spotify-js-challenge,JavaScript
spotify,spotify-json,C++
spotify,spotify-tensorflow,Python
spotify,spotify-web-api-ts-sdk,TypeScript
spotify,spotify-web-playback-sdk-example,JavaScript
spotify,spotify.github.io,HTML
spotify,SpotifyLogin,Swift
spotify,sprunch,Scala
spotify,SPStackedNav,Objective-C
spotify,SPTDataLoader,Objective-C
spotify,SPTPersistentCache,Objective-C
spotify,spydra,Java
spotify,spymaster,Python
spotify,squashing-census-exporter,Kotlin
spotify,ssh-agent-proxy,Java
spotify,ssh-agent-tls,Java
spotify,styx,Java
spotify,super-smash-brogp,Python
spotify,swupdate,
spotify,syslog-redirector,Go
spotify,syslog-redirector-golang,Go
spotify,talos,Ruby
spotify,terraform-gke-kubeflow-cluster,HCL
spotify,terraform-google-aws-hybrid-cloud-vpn,HCL
spotify,terraform-google-grr,HCL
spotify,testing-game,Python
spotify,tfexample-derive,Scala
spotify,tfreader,Scala
spotify,tfx,Python
spotify,threaddump-analyzer,JavaScript
spotify,trickle,Java
spotify,ts-interface-loader,TypeScript
spotify,tutter-jenkins,Ruby
spotify,uboot,
spotify,ulogger,Python
spotify,Vandelay,Java
spotify,vdisk,Python
spotify,vispana,JavaScript
spotify,visualizer-app,
spotify,volcano,Go
spotify,voyager,C++
spotify,wasd,Java
spotify,web-api,RAML
spotify,web-api-examples,HTML
spotify,web-audio-bench,JavaScript
spotify,web-playback-sdk,
spotify,web-scripts,TypeScript
spotify,web-scripts-library-template,TypeScript
spotify,XCMetrics,Swift
spotify,XCRemoteCache,Swift
spotify,zoltar,Java
netflix,.github,
netflix,aegisthus,Java
netflix,af_tsa,C
netflix,aminator,Python
netflix,archaius,Java
netflix,asf-rez-fork,Python
netflix,asgard,Groovy
netflix,astyanax,Java
netflix,atlas,Scala
netflix,atlas-docs,Python
netflix,aws-autoscaling,Shell
netflix,awsobjectmapper,Groovy
netflix,batch_request_api,Ruby
netflix,batch_request_client,Ruby
netflix,bbparse,C
netflix,bettertls,Go
netflix,blesk,JavaScript
netflix,bless,Python
netflix,blitz4j,Java
netflix,bpftop,C
netflix,brutal,Python
netflix,cachemover,C++
netflix,CassJMeter,Java
netflix,chaosmonkey,Go
netflix,Cloud-Prize,
netflix,clove,Python
netflix,codec_compare,Python
netflix,concurrency-limits,Java
netflix,conductor,Java
netflix,conductor-community,Java
netflix,conductor-docs,Python
netflix,conductor-ui,JavaScript
netflix,consoleme,Python
netflix,curator,Java
netflix,denominator,Java
netflix,derand,Java
netflix,dgs,HTML
netflix,dgs-codegen,Kotlin
netflix,dgs-examples-java,Java
netflix,dgs-examples-java-2.7,Java
netflix,dgs-examples-java.latest,Java
netflix,dgs-examples-java16,Java
netflix,dgs-examples-kotlin,Kotlin
netflix,dgs-examples-kotlin-2.7,Kotlin
netflix,dgs-examples-webflux,Java
netflix,dgs-federation-example,Kotlin
netflix,dgs-framework,Kotlin
netflix,dgs-intellij-plugin,Kotlin
netflix,dial-reference,C
netflix,dispatch,Python
netflix,dispatch-docker,Shell
netflix,dyno,Java
netflix,dyno-queues,Java
netflix,dynomite,C
netflix,dynomite-manager,Java
netflix,e2nest,Python
netflix,eclipse-jifa,Java
netflix,eclipse-mat,
netflix,edda,Scala
netflix,edda-client,Java
netflix,element-server,JavaScript
netflix,ember-batch-request,JavaScript
netflix,ember-nf-graph,JavaScript
netflix,ember-nf-graph-examples,JavaScript
netflix,eslint-config-netflix,Shell
netflix,eslint-plugin-x-element,JavaScript
netflix,eureka,Java
netflix,eureka-ui,JavaScript
netflix,EVCache,Java
netflix,fabricator,Java
netflix,falcor,JavaScript
netflix,falcor-datasource-chainer,JavaScript
netflix,falcor-express,JavaScript
netflix,falcor-express-demo,HTML
netflix,falcor-hapi,JavaScript
netflix,falcor-hapi-demo,HTML
netflix,falcor-http-datasource,JavaScript
netflix,falcor-json-graph,JavaScript
netflix,falcor-observable,JavaScript
netflix,falcor-path-syntax,JavaScript
netflix,falcor-path-utils,JavaScript
netflix,falcor-restify,JavaScript
netflix,falcor-restify-demo,HTML
netflix,falcor-router,JavaScript
netflix,falcor-router-demo,JavaScript
netflix,fast_jsonapi,Ruby
netflix,Fenzo,Java
netflix,Fido,C#
netflix,flamescope,Python
netflix,frigga,Java
netflix,genie,Java
netflix,glisten,Groovy
netflix,go-env,Go
netflix,go-expect,Go
netflix,go-iomux,Go
netflix,governator,Java
netflix,gradle-template,Java
netflix,hal-9001,Go
netflix,hollow,Java
netflix,hollow-reference-implementation,Java
netflix,hubcommander,Python
netflix,Hystrix,Java
netflix,iceberg,Java
netflix,iceberg-python,Python
netflix,iep,Java
netflix,iep-shadow,
netflix,image_compression_comparison,Python
netflix,inviso,JavaScript
netflix,karyon,Java
netflix,lemur,Python
netflix,lemur-docker,Python
netflix,libamicontained,Rust
netflix,Lipstick,JavaScript
netflix,maestro,Java
netflix,mantis,Java
netflix,mantis-api,Java
netflix,mantis-cli,JavaScript
netflix,mantis-connectors,Java
netflix,mantis-control-plane,Java
netflix,mantis-examples,Java
netflix,mantis-gradle-plugin,Groovy
netflix,mantis-helm,Smarty
netflix,mantis-mql,Clojure
netflix,mantis-rxcontrol,Java
netflix,mantis-rxnetty,
netflix,mantis-source-jobs,Java
netflix,mantis-ui,TypeScript
netflix,matchcut,Jupyter Notebook
netflix,metacat,Java
netflix,metaflow,Python
netflix,metaflow-docs,JavaScript
netflix,metaflow-extensions-template,Python
netflix,metaflow-nflx-extensions,Python
netflix,metaflow-service,Python
netflix,metaflow-tools,HCL
netflix,metaflow-ui,TypeScript
netflix,metrics-client-go,Go
netflix,msl,C++
netflix,ndbench,HTML
netflix,nerror,JavaScript
netflix,netflix-commons,Java
netflix,netflix-graph,Java
netflix,netflix.github.com,HTML
netflix,netflixoss-npm-build-infrastructure,
netflix,nf-data-explorer,TypeScript
netflix,nflx-geofeed,
netflix,nflxprofile,Python
netflix,NfWebCrypto,C++
netflix,Nicobar,Java
netflix,ocelli,Java
netflix,octodns,
netflix,octodns-ns1,Python
netflix,octodns-route53,
netflix,octodns-ultra,Python
netflix,OpenVPCal,Python
netflix,osstracker,Scala
netflix,p2plab,Go
netflix,photon,Java
netflix,PigPen,Clojure
netflix,pollyjs,JavaScript
netflix,polynote,HTML
netflix,Prana,Java
netflix,Priam,Java
netflix,probnik,TypeScript
netflix,pygenie,Python
netflix,pytheas,JavaScript
netflix,q,Java
netflix,Raigad,Java
netflix,ReactiveLab,Java
netflix,reactivesocket-examples,Java
netflix,read_bbrlog,C
netflix,recipes-rss,Java
netflix,rend,Go
netflix,rend-http,Go
netflix,rend-lmdb,Go
netflix,repokid,Python
netflix,restful-jsonapi,Ruby
netflix,ribbon,Java
netflix,runtime-health,Java
netflix,rx-aws-java-sdk,Java
netflix,s3mper,Java
netflix,security-bulletins,
netflix,security_monkey,Python
netflix,servo,Java
netflix,sherlock,R
netflix,signal-wrapper,Go
netflix,SimianArmy,Java
netflix,sleepy-puppy-docker,Dockerfile
netflix,spark,Scala
netflix,spectator,Java
netflix,spectator-cpp,C++
netflix,spectator-go,Go
netflix,spectator-go-runtime-metrics,Go
netflix,spectator-js,TypeScript
netflix,spectator-py,Python
netflix,spectator-py-runtime-metrics,Python
netflix,spectator-rb,Ruby
netflix,staash,Java
netflix,sureal,Python
netflix,suro,Java
netflix,Surus,Java
netflix,taskintrospection,C
netflix,tcplog_dumper,C
netflix,techreports,
netflix,titus,
netflix,titus-api-definitions,Makefile
netflix,titus-control-plane,Java
netflix,titus-executor,Go
netflix,titus-kube-common,Go
netflix,tslint-config-netflix,JavaScript
netflix,Turbine,Java
netflix,unleash,JavaScript
netflix,user2020-metaflow-tutorial,R
netflix,vector,JavaScript
netflix,vectorflow,D
netflix,videoannotator,Jupyter Notebook
netflix,virtual-kubelet,Go
netflix,vizceral,JavaScript
netflix,vizceral-component,JavaScript
netflix,vizceral-example,JavaScript
netflix,vizceral-react,JavaScript
netflix,vmaf,Python
netflix,vmaf_resource,
netflix,vp9-dash,
netflix,webpack-parse-query,JavaScript
netflix,weep,Go
netflix,Workflowable,Ruby
netflix,x-element,JavaScript
netflix,x-test,JavaScript
netflix,yetch,JavaScript
netflix,zeno,Java
netflix,zuul,Java
apple,.github,
apple,app-store-server-library-java,Java
apple,app-store-server-library-node,TypeScript
apple,app-store-server-library-python,Python
apple,app-store-server-library-swift,Swift
apple,apple-llvm-infrastructure-tools,C++
apple,apple_rules_lint,Starlark
apple,ARKitScenes,Python
apple,AudioUnit-Examples,Swift
apple,AudioUnitSDK,C++
apple,axlearn,Python
apple,batch-processing-gateway,Java
apple,ccs-caldavclientlibrary,HTML
apple,ccs-caldavtester,Python
apple,ccs-calendarserver,Python
apple,ccs-pycalendar,Python
apple,ccs-pykerberos,C
apple,ccs-pyopendirectory,C++
apple,ccs-pyosxframeworks,Python
apple,ccs-pysecuretransport,Python
apple,ccs-twistedextensions,Python
apple,container,Swift
apple,container-builder-shim,Go
apple,containerization,Swift
apple,coremltools,Python
apple,corenet,Jupyter Notebook
apple,cups,C
apple,darwin-libplatform,C
apple,darwin-libpthread,C
apple,darwin-xnu,C
apple,device-management,
apple,dmel,Python
apple,dmel-demo,HTML
apple,dnikit,Python
apple,eidas,Go
apple,embedding-atlas,TypeScript
apple,example-package-fisheryates,Swift
apple,FHIRModels,Swift
apple,foundationdb,C++
apple,fstools,C
apple,game-center-tools,Python
apple,GCGC,Jupyter Notebook
apple,homebrew-apple,Ruby
apple,HomeKitADK,C
apple,learning-compressible-subspaces,Python
apple,learning-subspaces,Python
apple,llvm-monorepo-root,
apple,llvm-project-v5,C++
apple,llvm-project-v5-split,C++
apple,ml-4m,Python
apple,ml-acn-embed,Python
apple,ml-act,Python
apple,ml-ademamix,Python
apple,ml-afv,Python
apple,ml-agm,Python
apple,ml-aim,Python
apple,ml-all-pairs,Python
apple,ml-ane-transformers,Python
apple,ml-aspanformer,Python
apple,ml-aura,Python
apple,ml-autofocusformer,Python
apple,ml-autofocusformer-segmentation,Python
apple,ml-batchquant,Python
apple,ml-behavioral-testing-for-mt,
apple,ml-bilevel-train-dist,Python
apple,ml-bloop,Python
apple,ml-calibration,Jupyter Notebook
apple,ml-capsules-inverted-attention-routing,Python
apple,ml-cifar-10-faster,Python
apple,ml-code-switched-speech-translation,Python
apple,ml-codeswitching-translations,
apple,ml-collegial-ensembles,Python
apple,ml-comotion,Python
apple,ml-compress-and-compare,Python
apple,ml-core,Python
apple,ml-covid-mobility,R
apple,ml-cread,Python
apple,ml-cross-entropy,Python
apple,ml-cubifyanything,Python
apple,ml-cvnets,Python
apple,ml-cvpr2019-swd,Python
apple,ml-dab,Python
apple,ml-data-parameters,Python
apple,ml-dataset-decomposition,Python
apple,ml-delphi,
apple,ml-depth-pro,Python
apple,ml-destseg,Python
apple,ml-diffusion-alignment-gflownet,Python
apple,ml-direct2.5,Python
apple,ml-divide-or-conquer,Python
apple,ml-dms-dataset,Python
apple,ml-dprecs,Jupyter Notebook
apple,ml-dr,Python
apple,ml-duet,Python
apple,ml-entity-deduction-arena,Python
apple,ml-entropy-reconstruction,Python
apple,ml-envmapnet,Python
apple,ml-equivariant-neural-rendering,Jupyter Notebook
apple,ml-facelit,Python
apple,ml-famae,Python
apple,ml-fastvit,Python
apple,ml-fastvlm,Python
apple,ml-fct,Python
apple,ml-ferret,Python
apple,ml-finerecon,Python
apple,ml-flair,Jupyter Notebook
apple,ml-flextok,Jupyter Notebook
apple,ml-gaudi,
apple,ml-gbc,Python
apple,ml-gendered-translation,Ruby
apple,ml-gmpi,Python
apple,ml-gsm-symbolic,
apple,ml-gsn,Python
apple,ml-hd-gist,Python
apple,ml-heart-rate-models,Python
apple,ml-hierarchical-confusion-matrix,TypeScript
apple,ml-hugs,Python
apple,ml-hypercloning,Python
apple,ml-hypersim,Python
apple,ml-interactive-data-augmentation,Svelte
apple,ml-internal-llms-instruction-following,Python
apple,ml-interspeech2022-phi_rtn,
apple,ml-isqoe,Python
apple,ml-jointnet,Python
apple,ml-key-retrieval-code-tasks,Python
apple,ml-keyframer,JavaScript
apple,ml-kg-mt,Python
apple,ml-kge,Python
apple,ml-knowledge-conflicts,Python
apple,ml-kpconvx,Python
apple,ml-live-pose,
apple,ml-llarp,Python
apple,ml-lucid-datagen,Python
apple,ml-mad-bench,Jupyter Notebook
apple,ml-matrix3d,Python
apple,ml-mcf,Python
apple,ml-mdm,Python
apple,ml-mgie,Python
apple,ml-mia-bench,Jupyter Notebook
apple,ml-MixupMP,Python
apple,ml-mkqa,Python
apple,ml-mobileclip,Python
apple,ml-mobileone,Swift
apple,ml-mofi,Python
apple,ml-multiple-futures-prediction,Python
apple,ml-mycelium,JavaScript
apple,ml-ncg,Python
apple,ml-negative-sampling,Python
apple,ml-neilf,Python
apple,ml-neilfpp,Python
apple,ml-neuman,Python
apple,ml-no-token-left-behind,Jupyter Notebook
apple,ml-np-rasp,Python
apple,ml-nvas3d,Python
apple,ml-ogen,Python
apple,ml-pgdvs,Python
apple,ml-planner,Python
apple,ml-pointconvformer,Python
apple,ml-pointersect,Python
apple,ml-probabilistic-attention,Python
apple,ml-projunit,Python
apple,ml-qrecc,Python
apple,ml-quant,Python
apple,ml-recurrent-drafter,Python
apple,ml-reed,Python
apple,ml-reversal-blessing,Python
apple,ml-rlgrad,Python
apple,ml-robust-expert-augmentations,Python
apple,ml-rpm-bench,Python
apple,ml-sad,Python
apple,ml-sage-dialog-gen,Python
apple,ml-sampleplan,Python
apple,ml-selfcond,Python
apple,ml-shuffling-amplification,Python
apple,ml-sigma-reparam,Python
apple,ml-sigmoid-attention,Python
apple,ml-slowfast-llava,Python
apple,ml-space-benchmark,Python
apple,ml-spatial-librispeech,
apple,ml-speech-is-more-than-words,
apple,ml-spin,Python
apple,ml-stable-diffusion,Python
apple,ml-stabledreamer,
apple,ml-stuttering-events-dataset,Python
apple,ml-superposition-prompting,Python
apple,ml-symphony,Svelte
apple,ml-tarflow,Python
apple,ml-tic-clip,Python
apple,ml-tic-lm,Python
apple,ml-toad,Python
apple,ml-tract,Python
apple,ml-transcript-translation-consistency-ratings,
apple,ml-translate-vis,TypeScript
apple,ml-tree-dst,Python
apple,ml-tune-mode-convbn,Python
apple,ml-tweak,Python
apple,ml-ui-jepa,Python
apple,ml-uncertainty-llms-instruction-following,Python
apple,ml-upscale,Jupyter Notebook
apple,ml-uwac,Python
apple,ml-veclip,Jupyter Notebook
apple,ml-vfi-smiff,Python
apple,ml-vfm-kt,
apple,ml-vision-transformers-ane,Python
apple,ml-vivid,Python
apple,music-feed-examples,Java
apple,openjdk,Java
apple,parameterized-transforms,Python
apple,password-manager-resources,JavaScript
apple,pfl-research,Jupyter Notebook
apple,pir-service-example,Swift
apple,pkl,Java
apple,pkl-evolution,
apple,pkl-go,Go
apple,pkl-go-examples,Go
apple,pkl-intellij,Kotlin
apple,pkl-jvm-examples,Groovy
apple,pkl-k8s,Pkl
apple,pkl-k8s-examples,Pkl
apple,pkl-lang.org,JavaScript
apple,pkl-lsp,Kotlin
apple,pkl-neovim,Lua
apple,pkl-package-docs,Kotlin
apple,pkl-pantry,Pkl
apple,pkl-project-commons,Pkl
apple,pkl-spring,Java
apple,pkl-swift,Swift
apple,pkl-swift-examples,Swift
apple,pkl-vscode,TypeScript
apple,pkl.tmbundle,Pkl
apple,pytorch-speech-features,Python
apple,rules_pkl,Starlark
apple,sample-backyard-birds,Swift
apple,sample-cloudkit-coredatasync,Swift
apple,sample-cloudkit-encryption,Swift
apple,sample-cloudkit-privatedb,Swift
apple,sample-cloudkit-privatedb-sync,Swift
apple,sample-cloudkit-queries,Swift
apple,sample-cloudkit-sharing,Swift
apple,sample-cloudkit-sync-engine,Swift
apple,sample-cloudkit-tooling,JavaScript
apple,sample-cloudkit-zonesharing,Swift
apple,sample-fbounds-safety-adoption,HTML
apple,sample-food-truck,Swift
apple,security-pcc,Swift
apple,servicetalk,Java
apple,swift-3-api-guidelines-review,Swift
apple,swift-algorithms,Swift
apple,swift-argument-parser,Swift
apple,swift-asn1,Swift
apple,swift-async-algorithms,Swift
apple,swift-async-dns-resolver,Swift
apple,swift-atomics,Swift
apple,swift-binary-parsing,Swift
apple,swift-cassandra-client,Swift
apple,swift-certificates,Swift
apple,swift-clang,C++
apple,swift-clang-tools-extra,C++
apple,swift-cluster-membership,Swift
apple,swift-collections,Swift
apple,swift-collections-benchmark,Swift
apple,swift-compiler-rt,C
apple,swift-container-plugin,Swift
apple,swift-crypto,Assembly
apple,swift-distributed-actors,Swift
apple,swift-distributed-tracing,Swift
apple,swift-distributed-tracing-baggage-core,Swift
apple,swift-distributed-tracing-extras,Swift
apple,swift-evolution-staging,Swift
apple,swift-homomorphic-encryption,Swift
apple,swift-homomorphic-encryption-protobuf,
apple,swift-http-structured-headers,Swift
apple,swift-http-types,Swift
apple,swift-internals,HTML
apple,swift-issues,
apple,swift-libcxx,C++
apple,swift-llbuild2,Swift
apple,swift-lldb,C++
apple,swift-llvm,LLVM
apple,swift-log,Swift
apple,swift-metrics,Swift
apple,swift-metrics-extras,Swift
apple,swift-mmio,Swift
apple,swift-nio,Swift
apple,swift-nio-examples,Swift
apple,swift-nio-extras,Swift
apple,swift-nio-http2,Swift
apple,swift-nio-imap,Swift
apple,swift-nio-nghttp2-support,Swift
apple,swift-nio-oblivious-http,Swift
apple,swift-nio-ssh,Swift
apple,swift-nio-ssl,Assembly
apple,swift-nio-ssl-support,Swift
apple,swift-nio-transport-services,Swift
apple,swift-nio-zlib-support,Swift
apple,swift-ntp,Swift
apple,swift-numerics,Swift
apple,swift-openapi-generator,Swift
apple,swift-openapi-runtime,Swift
apple,swift-openapi-urlsession,Swift
apple,swift-play-experimental,Swift
apple,swift-protobuf,Swift
apple,swift-protobuf-plugin,
apple,swift-protobuf-test-conformance,
apple,swift-sample-distributed-actors-transport,Swift
apple,swift-service-context,Swift
apple,swift-service-discovery,Swift
apple,swift-standard-library-preview,Swift
apple,swift-statsd-client,Swift
apple,swift-string-processing-benchmarks,Swift
apple,swift-system,Swift
apple,swift-tools-support-async,Swift
apple,swift-xcode-playground-support,Swift
apple,swiftpm-on-llbuild2,Swift
apple,tensor-visualizer,Svelte
apple,tensorflow_macos,Shell
apple,ToolSandbox,Python
apple,tree-sitter-pkl,Kotlin
apple,turicreate,C++
apple,unityplugins,C#
apple,VideoFlashingReduction,Mathematica
apple,visatronic-demo,HTML
apple,vqg-multimodal-assistant,Python
